Country,Country ID,Country Code,1960,1961,1962,1963,1964,1965,1966,1967,1968,1969,1970,1971,1972,1973,1974,1975,1976,1977,1978,1979,1980,1981,1982,1983,1984,1985,1986,1987,1988,1989,1990,1991,1992,1993,1994,1995,1996,1997,1998,1999,2000,2001,2002,2003,2004,2005,2006,2007,2008,2009,2010,2011,2012,2013,2014,2015,2016,2017,2018,2019
Algeria,12,DZA,11057863,11336339,11619828,11912803,12221675,12550885,12902627,13275026,13663583,14061722,14464985,14872250,15285990,15709825,16149025,16607707,17085801,17582904,18102266,18647815,19221665,19824301,20452902,21101875,21763575,22431502,23102389,23774284,24443467,25106190,25758869,26400479,27028326,27635515,28213774,28757785,29266405,29742979,30192754,30623406,31042235,31451514,31855109,32264157,32692163,33149724,33641002,34166972,34730608,35333881,35977455,36661444,37383887,38140132,38923687,39728025,40551404,41389198,42228429,43053054
Argentina,32,ARG,20481779,20817266,21153052,21488912,21824425,22159650,22494035,22828869,23168267,23517611,23880561,24259561,24653175,25056478,25462302,25865776,26264681,26661398,27061047,27471036,27896528,28338515,28794548,29262047,29737093,30216279,30698964,31184415,31668949,32148134,32618651,33079000,33529326,33970111,34402672,34828170,35246374,35657429,36063459,36467218,36870787,37275652,37681749,38087868,38491972,38892931,39289878,39684295,40080160,40482788,40788453,41261490,41733271,42202935,42669500,43131966,43590368,44044811,44494502,44938712
Australia,36,AUS,10276477,10483000,10742000,10950000,11167000,11388000,11651000,11799000,12009000,12263000,12507000,12937000,13177000,13380000,13723000,13893000,14033000,14192000,14358000,14514000,14692000,14927000,15178000,15369000,15544000,15758000,16018400,16263900,16532200,16814400,17065100,17284000,17495000,17667000,17855000,18072000,18311000,18517000,18711000,18926000,19153000,19413000,19651400,19895400,20127400,20394800,20697900,20827600,21249200,21691700,22031750,22340024,22733465,23128129,23475686,23815995,24190907,24601860,24982688,25364307
Austria,40,AUT,7047539,7086299,7129864,7175811,7223801,7270889,7322066,7376998,7415403,7441055,7467086,7500482,7544201,7586115,7599038,7578903,7565525,7568430,7562305,7549425,7549433,7568710,7574140,7561910,7561434,7564985,7569794,7574586,7585317,7619567,7677850,7754891,7840709,7905633,7936118,7948278,7959017,7968041,7976789,7992324,8011566,8042293,8081957,8121423,8171966,8227829,8268641,8295487,8321496,8343323,8363404,8391643,8429991,8479823,8546356,8642699,8736668,8797566,8840521,8877067
Azerbaijan,31,AZE,3895397,4030322,4171426,4315127,4456687,4592609,4721523,4843868,4960232,5071927,5180023,5284531,5385263,5483082,5579072,5674133,5768721,5863132,5957925,6053640,6150733,6249314,6349553,6452069,6557581,6666447,6778624,6893489,7010027,7126881,7159000,7271000,7382000,7495000,7597000,7685000,7763000,7838250,7913000,7982750,8048600,8111200,8171950,8234100,8306500,8391850,8484550,8581300,8763400,8947243,9054332,9173082,9295784,9416801,9535079,9649341,9757812,9854033,9939771,10023318
Bangladesh,50,BGD,48013504,49362843,50752157,52202007,53741716,55385112,57157654,59034249,60918454,62679765,64232482,65531633,66625705,67637530,68742233,70066301,71652381,73463584,75450032,77529045,79639491,81767515,83932127,86142495,88416521,90764183,93187603,95671163,98186350,100695497,103171956,105599127,107983704,110350639,112737683,115169930,117649932,120160564,122682815,125189651,127657854,130088702,132478086,134791603,136986432,139035505,140921167,142660376,144304167,145924797,147575430,149273778,151007807,152764676,154520167,156256276,157970840,159670593,161356039,163046161
Belarus,112,BLR,8198000,8271216,8351928,8437232,8524224,8610000,8696496,8785648,8874552,8960304,9040000,9115576,9188968,9257272,9317584,9367000,9411000,9463000,9525000,9584000,9643000,9710000,9776000,9843000,9910000,9975000,10043000,10111000,10140000,10170000,10189000,10194000,10216000,10239000,10227000,10194000,10160000,10117000,10069000,10026738,9979610,9928549,9865548,9796749,9730146,9663915,9604924,9560953,9527985,9506765,9490583,9473172,9464495,9465997,9474511,9489616,9501534,9498264,9483499,9466856
Belgium,56,BEL,9153489,9183948,9220578,9289770,9378113,9463667,9527807,9580991,9618756,9646032,9655549,9673162,9711115,9741720,9772419,9800700,9818227,9830358,9839534,9848382,9859242,9858982,9856303,9855520,9855372,9858308,9861823,9870234,9901664,9937697,9967379,10004486,10045158,10084475,10115603,10136811,10156637,10181245,10203008,10226419,10251250,10286570,10332785,10376133,10421137,10478617,10547958,10625700,10709973,10796493,10895586,11038264,11106932,11159407,11209057,11274196,11331422,11375158,11427054,11484055
Brazil,76,BRA,72179226,74311343,76514328,78772657,81064571,83373530,85696505,88035814,90387079,92746614,95113265,97482920,99859383,102259497,104706198,107216205,109790938,112425392,115121153,117878411,120694009,123570327,126498314,129448819,132383568,135274080,138108912,140891602,143627503,146328304,149003223,151648011,154259380,156849078,159432716,162019896,164614688,167209040,169785250,172318675,174790340,177196054,179537520,181809246,184006481,186127103,188167356,190130443,192030362,193886508,195713635,197514534,199287296,201035903,202763735,204471769,206163058,207833831,209469333,211049527
Bulgaria,100,BGR,7867374,7943118,8012946,8078145,8144340,8204168,8258057,8310226,8369603,8434172,8489574,8536395,8576200,8620967,8678745,8720742,8758599,8804183,8814032,8825940,8861535,8891117,8917457,8939738,8960679,8960547,8958171,8971359,8981446,8876972,8718289,8632367,8540164,8472313,8443591,8406067,8362826,8312068,8256786,8210624,8170172,8009142,7837161,7775327,7716860,7658972,7601022,7545338,7492561,7444443,7395599,7348328,7305888,7265115,7223938,7177991,7127822,7075947,7025037,6975761
Canada,124,CAN,17909009,18271000,18614000,18964000,19325000,19678000,20048000,20412000,20744000,21028000,21324000,21962032,22218463,22491777,22807969,23143275,23449808,23725843,23963203,24201544,24515667,24819915,25116942,25366451,25607053,25842116,26100278,26446601,26791747,27276781,27691138,28037420,28371264,28684764,29000663,29302311,29610218,29905948,30155173,30401286,30685730,31020902,31360079,31644028,31940655,32243753,32571174,32889025,33247118,33628895,34004889,34339328,34714222,35082954,35437435,35702908,36109487,36543321,37057765,37589262
Central America,1000,CAM,51116534,51116534,51116534,51116534,51116534,59622915,59622915,59622915,59622915,59622915,69400453,69400453,69400453,69400453,69400453,80129069,80129069,80129069,80129069,80129069,91092382,91092382,91092382,91092382,91092382,102296688,102296688,102296688,102296688,102296688,113383693,113383693,113383693,113383693,113383693,124553738,124553738,124553738,124553738,124553738,135322350,135322350,135322350,135322350,135322350,145950548,145950548,145950548,145950548,145950548,157591319,157591319,157591319,157591319,157591319,177586526,175471787,173326771,171152187,168949191
Chile,152,CHL,8132990,8303811,8476897,8650387,8821858,8989621,9152844,9312095,9468845,9625312,9783134,9942727,10103674,10265829,10428798,10592307,10756878,10922779,11089165,11254877,11419348,11582014,11743911,11907960,12078135,12257236,12445823,12642924,12847708,13058758,13274623,13495258,13719819,13944937,14166340,14380866,14587370,14786220,14977733,15162800,15342353,15516113,15684409,15849652,16014971,16182721,16354504,16530195,16708258,16886186,17062536,17233576,17400347,17571507,17758959,17969353,18209068,18470439,18729160,18952038
China,156,CHN,667070000,660330000,665770000,682335000,698355000,715185000,735400000,754550000,774510000,796025000,818315000,841105000,862030000,881940000,900350000,916395000,930685000,943455000,956165000,969005000,981235000,993885000,1008630000,1023310000,1036825000,1051040000,1066790000,1084035000,1101630000,1118650000,1135185000,1150780000,1164970000,1178440000,1191835000,1204855000,1217550000,1230075000,1241935000,1252735000,1262645000,1271850000,1280400000,1288400000,1296075000,1303720000,1311020000,1317885000,1324655000,1331260000,1337705000,1344130000,1350695000,1357380000,1364270000,1371220000,1378665000,1386395000,1392730000,1397715000
China Hong Kong SAR,344,HKG,3075605,3168100,3305200,3420900,3504600,3597900,3629900,3722800,3802700,3863900,3959000,4045300,4123600,4241600,4377800,4461600,4518000,4583700,4667500,4929700,5063100,5183400,5264500,5345100,5397900,5456200,5524600,5580500,5627600,5686200,5704500,5752000,5800500,5901000,6035400,6156100,6435500,6489300,6543700,6606500,6665000,6714300,6744100,6730800,6783500,6813200,6857100,6916300,6957800,6972800,7024200,7071600,7150100,7178900,7229500,7291300,7336600,7391700,7451000,7507400
Colombia,170,COL,16057714,16567817,17092919,17629978,18175187,18725242,19279734,19837508,20393704,20942453,21480064,22003983,22516429,23024512,23538390,24065502,24608102,25164544,25733669,26312996,26900508,27496608,28101824,28714183,29331230,29951194,30572479,31195417,31822527,32457497,33102569,33758328,34422568,35091272,35758978,36421438,37076387,37723803,38364307,38999468,39629965,40255956,40875363,41483872,42075953,42647731,43200901,43737512,44254972,44750054,45222699,45662747,46075721,46495492,46967706,47520667,48175048,48909844,49661056,50339443
Croatia,191,HRV,4140181,4167292,4196712,4225675,4252876,4280923,4310701,4338683,4365628,4391490,4412252,4431275,4450564,4470161,4490660,4512082,4535934,4559571,4581085,4594778,4599782,4611509,4634234,4658254,4680285,4701417,4721446,4739745,4755207,4767260,4777368,4689022,4575818,4600463,4652024,4620030,4557097,4534920,4532135,4512597,4468302,4299642,4302174,4303399,4304600,4310145,4311159,4310217,4309705,4305181,4295427,4280622,4267558,4255689,4238389,4203604,4174349,4124531,4087843,4067500
Cyprus,196,CYP,572930,576395,577691,577913,578625,580966,585309,591308,598495,606116,613618,620859,627998,635107,642332,649751,657527,665525,673247,680005,685405,689173,691702,694077,697714,703685,712340,723376,736474,751047,766615,783124,800611,818746,837110,855383,873423,891190,908702,926046,943290,960276,976964,993563,1010408,1027662,1045507,1063713,1081563,1098083,1112612,1124833,1135046,1143866,1152285,1160985,1170187,1179680,1189265,1198575
Czech Republic,203,CZE,9602006,9586651,9624660,9670685,9727804,9779358,9821040,9852899,9876346,9896580,9858071,9826815,9867632,9922266,9988459,10058620,10125939,10186755,10242098,10292341,10304193,10300591,10314826,10323856,10330213,10337118,10342227,10347318,10355276,10361068,10333355,10308578,10319123,10329855,10333587,10327253,10315241,10304131,10294373,10283860,10255063,10216605,10196916,10193998,10197101,10211216,10238905,10298828,10384603,10443936,10474410,10496088,10510785,10514272,10525347,10546059,10566332,10594438,10629928,10669709
Denmark,208,DNK,4579603,4611687,4647727,4684483,4722072,4759012,4797381,4835354,4864883,4891860,4928757,4963126,4991596,5021861,5045297,5059862,5072596,5088419,5104248,5116801,5123027,5121572,5117810,5114297,5111619,5113691,5120534,5127024,5129516,5132594,5140939,5154298,5171370,5188628,5206180,5233373,5263074,5284991,5304219,5321799,5339616,5358783,5375931,5390574,5404523,5419432,5437272,5461438,5493621,5523095,5547683,5570572,5591572,5614932,5643475,5683483,5728010,5764980,5793636,5818553
Eastern Africa,1001,EAF,83558179,83558179,83558179,83558179,83558179,95372694,95372694,95372694,95372694,95372694,109682215,109682215,109682215,109682215,109682215,126465051,126465051,126465051,126465051,126465051,126465051,126465051,126465051,126465051,126465051,169887491,169887491,169887491,169887491,169887491,197168375,197168375,197168375,197168375,197168375,223934219,223934219,223934219,223934219,223934219,257353364,257353364,257353364,257353364,257353364,295185417,295185417,295185417,295185417,295185417,339317833,339317833,339317833,339317833,339317833,433904943,422563363,411396727,400426755,389671275
Egypt,818,EGY,26632894,27366237,28112256,28871383,29644875,30433022,31237600,32056510,32881848,33703139,34513850,35311910,36102659,36896554,37708146,38549142,39422730,40329589,41275736,42267435,43309063,44400113,45539296,46728286,47968642,49258732,50602354,51991700,53399246,54788685,56134475,57424549,58666814,59880658,61095804,62334034,63601629,64892270,66200269,67515591,68831561,70152661,71485043,72826097,74172073,75523569,76873663,78232126,79636079,81134798,82761235,84529250,86422240,88404640,90424654,92442547,94447072,96442593,98423595,100388073
Ecuador,218,ECU,4543666,4674172,4809201,4948986,5093854,5243977,5399422,5560012,5725459,5895367,6069376,6247418,6429379,6614843,6803280,6994334,7187787,7383724,7582353,7784072,7989186,8197652,8409397,8624594,8843462,9066109,9292474,9522360,9755579,9991870,10230934,10472475,10716129,10961466,11208001,11455204,11703174,11951452,12198449,12442115,12681123,12914667,13143465,13369678,13596388,13825847,14059384,14296557,14535739,14774424,15011117,15243883,15474102,15707474,15951838,16212020,16491115,16785361,17084357,17373662
Estonia,233,EST,1211537,1225077,1241623,1258857,1277086,1294566,1308597,1318946,1331214,1345249,1360076,1376955,1392518,1405951,1418169,1429352,1439576,1450211,1460188,1468333,1477219,1487666,1498414,1508745,1518617,1528781,1540190,1552221,1561900,1568131,1569174,1561314,1533091,1494128,1462514,1436634,1415594,1399535,1386156,1390244,1396985,1388115,1379350,1370720,1362550,1354775,1346810,1340680,1337090,1334515,1331475,1327439,1322696,1317997,1314545,1315407,1315790,1317384,1321977,1326590
Finland,246,FIN,4429634,4461005,4491443,4523309,4548543,4563732,4580869,4605744,4626469,4623785,4606307,4612124,4639657,4666081,4690574,4711440,4725664,4738902,4752528,4764690,4779535,4799964,4826933,4855787,4881803,4902206,4918154,4932123,4946481,4964371,4986431,5013740,5041992,5066447,5088333,5107790,5124573,5139835,5153498,5165474,5176209,5188008,5200598,5213014,5228172,5246096,5266268,5288720,5313399,5338871,5363352,5388272,5413971,5438972,5461512,5479531,5495303,5508214,5515525,5520314
France,250,FRA,46621669,47240543,47904877,48582611,49230595,49818028,50330262,50775794,51175508,51561836,51957738,52371342,52793138,53207734,53592233,53931390,54220022,54467702,54691851,54917118,55161527,55430296,55718933,56023770,56337666,56654696,56976123,57302663,57627105,57940212,58235697,58559311,58851217,59106768,59327192,59541899,59753100,59964851,60186288,60496718,60912500,61357430,61805267,62244886,62704895,63179351,63621381,64016225,64374984,64707040,65027507,65342780,65659809,65998687,66312067,66548272,66724104,66864379,66965912,67059887
Germany,276,DEU,72814900,73377632,74025784,74714353,75318337,75963695,76600311,76951336,77294314,77909682,78169289,78312842,78688452,78936666,78967433,78673554,78336950,78159814,78091820,78126350,78288576,78407907,78333366,78128282,77858685,77684873,77720436,77839920,78144619,78751283,79433029,80013896,80624598,81156363,81438348,81678051,81914831,82034771,82047195,82100243,82211508,82349925,82488495,82534176,82516260,82469422,82376451,82266372,82110097,81902307,81776930,80274983,80425823,80645605,80982500,81686611,82348669,82657002,82905782,83132799
Greece,300,GRC,8331725,8398050,8448233,8479625,8510429,8550333,8613651,8684088,8740765,8772764,8792806,8831036,8888628,8929086,8962022,9046541,9188150,9308479,9429959,9548258,9642505,9729350,9789513,9846627,9895801,9934300,9967213,10000595,10036983,10089498,10196792,10319927,10399061,10460415,10512922,10562153,10608800,10661259,10720509,10761698,10805808,10862132,10902022,10928070,10955141,10987314,11020362,11048473,11077841,11107017,11121341,11104899,11045011,10965211,10892413,10820883,10775971,10754679,10732882,10716322
Hungary,348,HUN,9983967,10029321,10061734,10087947,10119835,10147935,10178653,10216604,10255815,10298723,10337910,10367537,10398489,10432055,10478720,10540525,10598677,10648031,10684822,10704152,10711122,10711848,10705535,10689463,10668095,10648713,10630564,10612741,10596487,10481719,10373988,10373400,10369341,10357523,10343355,10328965,10311238,10290486,10266570,10237530,10210971,10187576,10158608,10129552,10107146,10087065,10071370,10055780,10038188,10022650,10000023,9971727,9920362,9893082,9866468,9843028,9814023,9787966,9775564,9769949
Iceland,352,ISL,175574,179029,182378,185653,188983,192286,195570,198751,201488,203369,204438,206098,209137,212317,215209,217979,220154,221799,223537,225735,228138,230755,233860,236977,239511,241405,243180,245859,249740,252852,254826,257797,261057,263725,266021,267468,268916,271128,274047,277381,281205,284968,287523,289521,292074,296734,303782,311566,317414,318499,318041,319014,320716,323764,327386,330815,335439,343400,352721,361313
India,356,IND,450547679,459642165,469077190,478825608,488848135,499123324,509631500,520400576,531513824,543084336,555189792,567868018,581087256,594770134,608802600,623102897,637630087,652408776,667499806,682995354,698952844,715384993,732239504,749428958,766833410,784360008,801975244,819682102,837468930,855334678,873277798,891273209,909307016,927403860,945601831,963922588,982365243,1000900030,1019483581,1038058156,1056575549,1075000085,1093317189,1111523144,1129623456,1147609927,1165486291,1183209472,1200669765,1217726215,1234281170,1250288729,1265782790,1280846129,1295604184,1310152403,1324509589,1338658835,1352617328,1366417754
Indonesia,360,IDN,87751068,90098394,92518377,95015297,97596733,100267062,103025426,105865571,108779924,111758563,114793178,117880144,121017314,124199687,127422211,130680727,133966941,137278058,140621730,144009845,147447836,150938232,154468229,158009246,161523347,164982451,168374287,171702763,174975954,178209150,181413402,184591903,187739786,190851175,193917462,196934260,199901228,202826446,205724592,208615169,211513823,214427417,217357793,220309469,223285676,226289470,229318262,232374245,235469762,238620563,241834215,245116206,248452413,251806402,255129004,258383256,261554226,264645886,267663435,270625568
Iran,364,IRN,21906914,22480372,23071315,23680258,24307860,24954873,25624373,26317783,27032571,27764924,28513866,29281591,30075297,30905707,31786471,32729772,33733961,34803045,35960805,37237137,38650246,40199906,41869236,43636837,45472791,47347186,49260255,51193782,53077313,54822003,56366217,57679034,58780370,59723764,60590614,61442664,62294920,63136312,63971836,64800880,65623405,66449112,67284796,68122938,68951281,69762347,70554760,71336475,72120604,72924837,73762519,74634956,75539862,76481943,77465753,78492215,79564016,80673951,81800269,82913906
Iraq,368,IRQ,7289760,7475350,7674220,7888913,8122197,8375790,8651162,8947404,9260682,9585576,9917983,10255850,10599668,10950888,11312062,11684590,12068676,12462070,12860680,13259113,13653354,14044117,14432468,14815656,15190393,15555800,15909762,16257070,16612322,16994948,17419113,17889459,18402734,18955085,19539340,20149338,20783073,21439574,22114324,22802064,23497585,24208180,24931919,25644499,26313838,26922284,27448124,27911248,28385746,28973162,29741976,30725300,31890011,33157050,34411951,35572261,36610632,37552781,38433600,39309783
Ireland,372,IRL,2828600,2824400,2836050,2852650,2866550,2877300,2888800,2902450,2915550,2932650,2957250,2992050,3036850,3085950,3137500,3189550,3238050,3282200,3329100,3373750,3412800,3453000,3485800,3510600,3532423,3538082,3539690,3540057,3524949,3511009,3513974,3534235,3558430,3576261,3590386,3608841,3637510,3674171,3712696,3754786,3805174,3866243,3931947,3996521,4070262,4159914,4273591,4398942,4489544,4535375,4560155,4580084,4599533,4623816,4657740,4701957,4755335,4807388,4867316,4941444
Israel,376,ISR,2114020,2185000,2293000,2379000,2475000,2563000,2629000,2745000,2803000,2877000,2974000,3069000,3148000,3278000,3377000,3455000,3533000,3613000,3690000,3786000,3878000,3956000,4031000,4105000,4159000,4233000,4299000,4369000,4442000,4518000,4660000,4949000,5123000,5261000,5399000,5545000,5692000,5836000,5971000,6125000,6289000,6439000,6570000,6689700,6809000,6930100,7053700,7180100,7308800,7485600,7623600,7765800,7910500,8059500,8215700,8380100,8546000,8713300,8882800,9053300
Italy,380,ITA,50199700,50536350,50879450,51252000,51675350,52112350,52519000,52900500,53235750,53537950,53821850,54073490,54381345,54751406,55110868,55441001,55718260,55955411,56155143,56317749,56433883,56501675,56543548,56564074,56576718,56593071,56596155,56601931,56629288,56671781,56719240,56758521,56797087,56831821,56843400,56844303,56860281,56890372,56906744,56916317,56942108,56974100,57059007,57313203,57685327,57969484,58143979,58438310,58826731,59095365,59277417,59379449,59539717,60233948,60789140,60730582,60627498,60536709,60421760,60297396
Japan,392,JPN,92500572,94943000,95832000,96812000,97826000,98883000,99790000,100725000,101061000,103172000,104345000,105697000,107188000,108079000,110162000,111940000,112771000,113863000,114898000,115870000,116782000,117648000,118449000,119259000,120018000,120754000,121492000,122091000,122613000,123116000,123537000,123921000,124229000,124536000,124961000,125439000,125757000,126057000,126400000,126631000,126843000,127149000,127445000,127718000,127761000,127773000,127854000,128001000,128063000,128047000,128070000,127833000,127629000,127445000,127276000,127141000,126994511,126785797,126529100,126264931
Kazakhstan,398,KAZ,9934563,10349414,10756928,11147859,11511847,11841920,12132559,12385710,12611426,12824606,13036139,13250213,13463985,13673007,13869975,14050226,14212145,14359624,14499952,14643133,14796174,14958908,15128087,15303309,15483419,15665595,15852525,16039251,16206002,16249500,16348000,16450500,16439095,16330419,16095199,15815626,15577894,15333703,15071300,14928426,14883626,14858335,14858948,14909018,15012985,15147029,15308084,15484192,15674000,16092822,16321872,16557201,16792089,17035550,17288285,17542806,17794055,18037776,18276499,18513930
Kuwait,414,KWT,269029,300576,337348,378746,423898,472037,523166,577164,632899,688979,744450,798642,851916,905635,961770,1021720,1085861,1153583,1224067,1296081,1368677,1439331,1507645,1576968,1652150,1735274,1832310,1938909,2034857,2092777,2095344,2031296,2031296,2031296,2031296,1605901,1626857,1710256,1831119,1951636,2045123,2103282,2136997,2161626,2200492,2270198,2373672,2504019,2656009,2821045,2991884,3168060,3348853,3526376,3690941,3835591,3956875,4056099,4137312,4207083
Latvia,428,LVA,2120979,2152681,2181586,2210919,2240623,2265919,2283217,2301220,2323619,2343173,2359164,2376389,2395674,2415819,2437186,2456130,2470989,2485073,2497921,2505953,2511701,2519421,2531080,2546011,2562047,2578873,2599892,2626583,2653434,2666955,2663151,2650581,2614338,2563290,2520742,2485056,2457222,2432851,2410019,2390482,2367550,2337170,2310173,2287955,2263122,2238799,2218357,2200325,2177322,2141669,2097555,2059709,2034319,2012647,1993782,1977527,1959537,1942248,1927174,1912789
Lithuania,440,LTU,2778550,2823550,2863350,2898950,2935200,2971450,3008050,3044400,3078850,3107321,3139689,3179041,3213622,3244438,3273894,3301652,3328664,3355036,3379514,3397842,3413202,3432947,3457179,3485192,3514205,3544543,3578914,3616367,3655049,3684255,3697838,3704134,3700114,3682613,3657144,3629102,3601613,3575137,3549331,3524238,3499536,3470818,3443067,3415213,3377075,3322528,3269909,3231294,3198231,3162916,3097282,3028115,2987773,2957689,2932367,2904910,2868231,2828403,2801543,2786844
Luxembourg,442,LUX,313970,316845,320750,324100,327750,331500,333895,334995,335850,337500,339171,342421,346600,350450,355050,358950,360731,361358,362007,362856,364150,365225,365525,365622,365998,366706,368355,370750,373450,377100,381850,387000,392175,397475,402925,408625,414225,419450,424700,430475,436300,441525,446175,451630,458095,465158,472637,479993,488650,497783,506953,518347,530946,543360,556319,569604,582014,596336,607950,619896
Malaysia,458,MYS,8156347,8417824,8692342,8973788,9253842,9526558,9790084,10046325,10297983,10549399,10804131,11062433,11324277,11592638,11871104,12162187,12468689,12790312,13122839,13460031,13798085,14134058,14471211,14819424,15192298,15598927,16043731,16522000,17022465,17528961,18029824,18519937,19002656,19484898,19977500,20487607,21017613,21562793,22114654,22661298,23194257,23709119,24208391,24698819,25190652,25690611,26201961,26720370,27236006,27735040,28208035,28650955,29068159,29468872,29866559,30270962,30684804,31105028,31528585,31949777
Mexico,484,MEX,37771859,38966056,40195319,41462369,42771079,44123853,45519737,46956208,48431972,49945279,51493565,53076373,54689943,56324303,57966804,59607953,61242190,62869903,64494869,66123897,67761372,69407624,71058654,72709299,74352631,75983485,77599098,79200081,80788721,82368931,83943132,85512623,87075138,88625440,90156400,91663285,93147044,94611002,96056321,97484832,98899845,100298153,101684758,103081020,104514932,106005203,107560153,109170502,110815271,112463887,114092963,115695473,117274155,118827161,120355128,121858258,123333376,124777324,126190788,127575529
Middle Africa,1002,MAF,32222195,32222195,32222195,32222195,32222195,35893233,35893233,35893233,35893233,35893233,40170656,40170656,40170656,40170656,40170656,45948694,45948694,45948694,45948694,45948694,52885374,52885374,52885374,52885374,52885374,60890064,60890064,60890064,60890064,60890064,70855105,70855105,70855105,70855105,70855105,83775158,83775158,83775158,83775158,83775158,96115539,96115539,96115539,96115539,96115539,112008261,112008261,112008261,112008261,112008261,131622126,131622126,131622126,131622126,131622126,174308432,169121879,164038988,159064789,154203219
Morocco,504,MAR,12328532,12710581,13094888,13478423,13857649,14230163,14595350,14954031,15307273,15656843,16004731,16350881,16696891,17048518,17413144,17796164,18198844,18620093,19059770,19516942,19990012,20479715,20984009,21495086,22002643,22499110,22980335,23447252,23903592,24355619,24807462,25260404,25711406,26155203,26584478,26994250,27383473,27754571,28110443,28455509,28793679,29126330,29454768,29782884,30115214,30455561,30804683,31163673,31536811,31929087,32343389,32781850,33241898,33715693,34192347,34663603,35126296,35581294,36029138,36471769
Netherlands,528,NLD,11486631,11638712,11805689,11965966,12127120,12294732,12456251,12598201,12729721,12877984,13038526,13194497,13328593,13439322,13545056,13666335,13774037,13856185,13941700,14038270,14149800,14247208,14312690,14367070,14424211,14491632,14572278,14665037,14760094,14848907,14951510,15069798,15184166,15290368,15382838,15459006,15530498,15610650,15707209,15812088,15925513,16046180,16148929,16225302,16281779,16319868,16346101,16381696,16445593,16530388,16615394,16693074,16754962,16804432,16865008,16939923,17030314,17131296,17231624,17332850
New Zealand,554,NZL,2371800,2419700,2482000,2531800,2585400,2628400,2675900,2724100,2748100,2772800,2810700,2853000,2903900,2961300,3023700,3083100,3110500,3120200,3121200,3109000,3112900,3124900,3156100,3199300,3227100,3247100,3246300,3274400,3283400,3299200,3329800,3495100,3531700,3572200,3620000,3673400,3732000,3781300,3815000,3835100,3857700,3880500,3948500,4027200,4087500,4133900,4184600,4223800,4259800,4302600,4350700,4384000,4408100,4442100,4509700,4595700,4693200,4793900,4841000,4917000
North Macedonia,807,MKD,1488667,1507654,1527111,1547450,1569142,1592433,1617795,1644943,1672399,1698144,1720800,1739521,1754956,1768991,1784398,1803010,1825552,1851069,1877688,1902719,1924197,1941530,1955243,1965895,1974415,1981534,1987538,1992274,1995513,1996870,1996228,1993302,1988659,1984028,1981703,1983252,1989443,1999598,2012057,2024394,2034819,2042842,2048928,2053426,2057048,2060273,2063131,2065426,2067313,2069039,2070741,2072487,2074278,2076067,2077775,2079328,2080745,2081996,2082958,2083459
Northern Africa,1004,NAF,63223194,63223194,63223194,63223194,63223194,72316384,72316384,72316384,72316384,72316384,82539475,82539475,82539475,82539475,82539475,93474155,93474155,93474155,93474155,93474155,106772590,106772590,106772590,106772590,106772590,122785327,122785327,122785327,122785327,122785327,139744811,139744811,139744811,139744811,139744811,156510646,156510646,156510646,156510646,156510646,171322849,171322849,171322849,171322849,171322849,186421270,186421270,186421270,186421270,186421270,202940273,202940273,202940273,202940273,202940273,241780768,237293794,232793214,228307043,223861605
Norway,578,NOR,3581239,3609800,3638918,3666537,3694339,3723168,3753012,3784539,3816486,3847707,3875763,3903039,3933004,3960612,3985258,4007313,4026152,4043205,4058671,4072517,4085620,4099702,4114787,4128432,4140099,4152516,4167354,4186905,4209488,4226901,4241473,4261732,4286401,4311991,4336613,4359184,4381336,4405157,4431464,4461913,4490967,4513751,4538159,4564855,4591910,4623291,4660677,4709153,4768212,4828726,4889252,4953088,5018573,5079623,5137232,5188607,5234519,5276968,5311916,5347896
Oman,512,OMN,551740,564893,578823,593504,608889,625009,642001,660114,679595,700729,723851,748968,776380,806986,841950,882047,927436,977804,1032799,1091852,1154377,1220585,1290111,1361087,1431070,1498418,1561185,1619863,1678110,1741156,1812161,1893768,1983275,2072104,2148419,2204277,2236654,2249762,2251864,2254904,2267973,2294962,2334858,2386166,2445517,2511251,2580758,2657158,2750963,2876186,3041434,3251108,3498029,3764805,4027260,4267348,4479219,4665935,4829483,4974986
Pakistan,586,PAK,44988690,46065231,47198878,48387301,49627623,50917975,52260189,53655789,55102684,56598144,58142060,59734481,61381987,63099406,64905998,66816877,68834326,70958169,73197258,75561131,78054343,80680459,83431605,86285935,89213706,92191510,95215378,98285755,101389603,104512881,107647921,110778648,113911126,117086685,120362762,123776839,127349290,131057431,134843233,138624621,142343578,145978402,149549700,153093373,156664697,160304008,164022627,167808105,171648986,175525609,179424641,183340592,187281475,191262919,195306825,199426964,203627284,207896686,212215030,216565318
Peru,604,PER,10155015,10446620,10749466,11062300,11383373,11711392,12045787,12386879,12735486,13092852,13459794,13836367,14221961,14615845,15017055,15424744,15838572,16258321,16683456,17113388,17547610,17985393,18426415,18870993,19319746,19772872,20230384,20691283,21153459,21614193,22071433,22522378,22966818,23408131,23851408,24299160,24753824,25210954,25658062,26078293,26459944,26799285,27100968,27372226,27624213,27866145,28102056,28333052,28562317,28792655,29027674,29264318,29506788,29773987,30090359,30470734,30926032,31444297,31989256,32510453
Philippines,608,PHL,26269734,27161047,28077339,29012625,29958688,30909988,31864182,32823968,33795194,34786305,35803594,36849675,37923396,39022767,40144248,41285742,42446653,43629412,44838483,46079850,47357743,48672838,50023563,51408912,52827040,54275822,55755355,57263836,58795001,60340767,61895160,63454786,65020116,66593904,68180859,69784088,71401749,73030884,74672014,76325927,77991755,79672873,81365258,83051971,84710542,86326250,87888675,89405482,90901965,92414158,93966780,95570047,97212638,98871552,100513138,102113212,103663927,105173264,106651922,108116615
Poland,616,POL,29637450,29964000,30308500,30712000,31139450,31444950,31681000,31987155,32294655,32548300,32664300,32783500,33055650,33357200,33678899,34015199,34356300,34689050,34965600,35247217,35574150,35898587,36230481,36571808,36904134,37201885,37456119,37668045,37824487,37961529,38110782,38246193,38363667,38461408,38542652,38594998,38624370,38649660,38663481,38660271,38258629,38248076,38230364,38204570,38182222,38165445,38141267,38120560,38125759,38151603,38042794,38063255,38063164,38040196,38011735,37986412,37970087,37974826,37974750,37970874
Portugal,620,PRT,8857716,8929316,8993985,9030355,9035365,8998595,8930990,8874520,8836650,8757705,8680431,8643756,8630430,8633100,8754365,9093470,9355810,9455675,9558250,9661265,9766312,9851362,9911771,9957865,9996232,10023613,10032734,10030031,10019610,10005000,9983218,9960235,9952494,9964675,9991525,10026176,10063945,10108977,10160196,10217828,10289898,10362722,10419631,10458821,10483861,10503330,10522288,10542964,10558177,10568247,10573100,10557560,10514844,10457295,10401062,10358076,10325452,10300300,10283822,10269417
Qatar,634,QAT,47384,51421,56262,61716,67566,73633,79846,86302,93211,100883,109514,119414,130500,142186,153621,164320,173721,182318,191951,205171,223632,247988,277226,309306,341272,370890,397740,422148,443605,461690,476278,487353,495395,501479,507041,513442,522531,535321,551562,570489,592468,615012,640868,681788,753334,865416,1022711,1218434,1436665,1654950,1856327,2035871,2196074,2336574,2459198,2565710,2654374,2724724,2781677,2832067
Romania,642,ROU,18406905,18555250,18676550,18797850,18919126,19031576,19215450,19534242,19799831,20009141,20250398,20461567,20657957,20835681,21029429,21293583,21551634,21756096,21951464,22090488,22207282,22353070,22475741,22560478,22640547,22732999,22836841,22949430,23057662,23161458,23201835,23001155,22794284,22763280,22730211,22684270,22619004,22553978,22507344,22472040,22442971,22131970,21730496,21574326,21451748,21319685,21193760,20882982,20537875,20367487,20246871,20147528,20058035,19983693,19908979,19815616,19702267,19587290,19472545,19356544
Russian Federation,643,RUS,119897000,121236000,122591000,123960000,125345000,126745000,127468000,128196000,128928000,129664000,130404000,131155000,131909000,132669000,133432000,134200000,135147000,136100000,137060000,138027000,139010000,139941000,140823000,141668000,142745000,143858000,144894000,145908000,146857000,147721000,147969407,148394216,148538197,148458777,148407912,148375787,148160129,147915361,147670784,147214776,146596869,145976482,145306497,144648618,144067316,143518814,143049637,142805114,142742366,142785349,142849468,142960908,143201721,143506995,143819666,144096870,144342396,144496740,144477860,144373535
Saudi Arabia,682,SAU,4086539,4218853,4362786,4516533,4677298,4843635,5015357,5195135,5387828,5599904,5836389,6100626,6392970,6711923,7054532,7419493,7802926,8207697,8646845,9137927,9691476,10311775,10988853,11701128,12418834,13118993,13794165,14445671,15070082,15666297,16233785,16772694,17282691,17763298,18214470,18638787,19033845,19407142,19783304,20194527,20663843,21202642,21805313,22456649,23132682,23816183,24498310,25184597,25888541,26630303,27421461,28267685,29155187,30052518,30916994,31717667,32442572,33099147,33699947,34268528
Singapore,702,SGP,1646400,1702400,1750200,1795000,1841600,1886900,1934400,1977600,2012000,2042500,2074507,2112900,2152400,2193000,2229800,2262600,2293300,2325300,2353600,2383500,2413945,2532835,2646466,2681061,2732221,2735957,2733373,2774789,2846108,2930901,3047132,3135083,3230698,3313471,3419048,3524506,3670704,3796038,3927213,3958723,4027887,4138012,4175950,4114826,4166664,4265762,4401365,4588599,4839396,4987573,5076732,5183688,5312437,5399162,5469724,5535002,5607283,5612253,5638676,5703569
Slovakia,703,SVK,4068095,4191667,4238188,4282017,4327341,4370983,4411666,4449367,4483915,4518607,4538223,4557449,4596622,4641445,4689623,4739105,4789507,4840501,4890125,4938973,4979815,5016105,5055099,5091971,5127097,5161768,5193838,5222840,5250596,5275942,5299187,5303294,5305016,5325305,5346331,5361999,5373361,5383291,5390516,5396020,5388720,5378867,5376912,5373374,5372280,5372807,5373054,5374622,5379233,5386406,5391428,5398384,5407579,5413393,5418649,5423801,5430798,5439232,5446771,5454073
Slovenia,705,SVN,1584720,1594131,1603649,1616971,1632114,1649160,1669905,1689528,1704546,1713874,1724891,1738335,1752233,1766697,1776132,1793581,1820249,1842377,1862548,1882599,1901315,1906531,1910334,1922321,1932154,1941641,1965964,1989776,1995196,1996351,1998161,1999429,1996498,1991746,1989443,1989872,1988628,1985956,1981629,1983045,1988925,1992060,1994530,1995733,1997012,2000474,2006868,2018122,2021316,2039669,2048583,2052843,2057159,2059953,2061980,2063531,2065042,2066388,2073894,2087946
South Africa,710,ZAF,17099840,17524533,17965725,18423161,18896307,19384841,19888250,20406864,20942145,21496075,22069776,22665271,23281508,23913099,24552540,25195187,25836888,26480913,27138965,27827320,28556769,29333103,30150448,30993758,31841593,32678874,33495953,34297727,35100909,35930050,36800509,37718950,38672607,39633750,40564059,41435758,42241011,42987461,43682260,44338543,44967708,45571274,46150913,46719196,47291610,47880601,48489459,49119759,49779471,50477011,51216964,52004172,52834005,53689236,54545991,55386367,56203654,57000451,57779622,58558270
South Korea,410,KOR,25012374,25765673,26513030,27261747,27984155,28704674,29435571,30130983,30838302,31544266,32240827,32882704,33505406,34103149,34692266,35280725,35848523,36411795,36969185,37534236,38123775,38723248,39326352,39910403,40405956,40805744,41213674,41621690,42031247,42449038,42869283,43295704,43747962,44194628,44641540,45092991,45524681,45953580,46286503,46616677,47008111,47370164,47644736,47892330,48082519,48184561,48438292,48683638,49054708,49307835,49554112,49936638,50199853,50428893,50746659,51014947,51217803,51361911,51606633,51709098
Spain,724,ESP,30455000,30739250,31023366,31296651,31609195,31954292,32283194,32682947,33113134,33441054,33814531,34224490,34604469,34988947,35373335,35757900,36137812,36511638,36864898,37191330,37491165,37758631,37986012,38171525,38330364,38469512,38584624,38684815,38766939,38827764,38867322,38966376,39157685,39361262,39549108,39724050,39889852,40057389,40223509,40386875,40567864,40850412,41431558,42187645,42921895,43653155,44397319,45226803,45954106,46362946,46576897,46742697,46773055,46620045,46480882,46444832,46484062,46593236,46797754,47076781
Sri Lanka,144,LKA,9874476,10111637,10352179,10597511,10849975,11110820,11380670,11657650,11937600,12214956,12485740,12747821,13002231,13252036,13501935,13755146,14012899,14273495,14533690,14788862,15035834,15272831,15501207,15724651,15948487,16176280,16408859,16643952,16878189,17106753,17325773,17535729,17736821,17924823,18094477,18242912,18367288,18470900,18564599,18663284,18777601,18911730,19062482,19224037,19387153,19544988,19695972,19842044,19983984,20123508,20261737,20398670,20425000,20585000,20778000,20970000,21203000,21444000,21670000,21803000
Sweden,752,SWE,7484656,7519998,7561588,7604328,7661354,7733853,7807797,7867931,7912273,7968072,8042801,8098334,8122300,8136312,8159955,8192437,8222286,8251540,8275599,8293678,8310531,8320503,8325263,8329033,8336605,8350386,8369829,8397804,8436489,8492964,8558835,8617375,8668067,8718561,8780745,8826939,8840998,8846062,8850974,8857874,8872109,8895960,8924958,8958229,8993531,9029572,9080505,9148092,9219637,9298515,9378126,9449213,9519374,9600379,9696110,9799186,9923085,10057698,10175214,10285453
Switzerland,756,CHE,5327827,5434294,5573815,5694247,5789228,5856472,5918002,5991785,6067714,6136387,6180877,6213399,6260956,6307347,6341405,6338632,6302504,6281174,6281738,6294365,6319408,6354074,6391309,6418773,6441865,6470365,6504124,6545106,6593386,6646912,6715519,6799978,6875364,6938265,6993795,7040687,7071850,7088906,7110001,7143991,7184250,7229854,7284753,7339001,7389625,7437115,7483934,7551117,7647675,7743831,7824909,7912398,7996861,8089346,8188649,8282396,8373338,8451840,8514329,8574832
Taiwan,158,TAI,10876150,10876150,10876150,10876150,10876150,12901155,12901155,12901155,12901155,12901155,14924455,14924455,14924455,14924455,14924455,16464927,16464927,16464927,16464927,16464927,17905458,17905458,17905458,17905458,17905458,19303404,19303404,19303404,19303404,19303404,20478520,20478520,20478520,20478520,20478520,21356033,21356033,21356033,21356033,21356033,21966527,21966527,21966527,21966527,21966527,22705713,22705713,22705713,22705713,22705713,23187551,23187551,23187551,23187551,23187551,23557477,23773876,23726460,23674546,23618200
Thailand,764,THA,27397207,28224187,29080938,29966865,30881138,31822660,32789130,33778799,34791409,35827092,36884536,37963278,39058603,40159582,41252324,42326312,43377271,44405904,45413080,46401754,47374472,48326274,49255900,50173924,51094868,52026901,52980094,53945881,54891520,55772169,56558186,57232465,57811021,58337773,58875269,59467274,60130186,60846582,61585103,62298571,62952642,63539196,64069087,64549866,64995299,65416189,65812536,66182067,66530984,66866839,67195028,67518382,67835957,68144501,68438730,68714511,68971331,69209858,69428524,69625582
Turkey,792,TUR,27472345,28146910,28832827,29531365,30244261,30972994,31717507,32477992,33256464,34055390,34876303,35720599,36587261,37472336,38370283,39277258,40189567,41108297,42039992,42994041,43975971,44988414,46025411,47073472,48114155,49133937,50128541,51100924,52053765,52992487,53921760,54840590,55748948,56653804,57564204,58486456,59423282,60372568,61329676,62287397,63240194,64192243,65145367,66089402,67010930,67903469,68756810,69581848,70418604,71321399,72326988,73443863,74653016,75928564,77231907,78529409,79821724,81101892,82319724,83429615
Turkmenistan,795,TKM,1603258,1658362,1715408,1773853,1833064,1892599,1952141,2011764,2071790,2132802,2195175,2258965,2324015,2390216,2457384,2525364,2594313,2664258,2734895,2805819,2876808,2947779,3019066,3091513,3166221,3244018,3324458,3407321,3493895,3585868,3683967,3789185,3899843,4010789,4115102,4207841,4287346,4355116,4413479,4466135,4516133,4564083,4610005,4655743,4703401,4754646,4810109,4870141,4935767,5007954,5087213,5174085,5267900,5366375,5466328,5565287,5662372,5757669,5850908,5942089
Ukraine,804,UKR,42664652,43206345,43752230,44288608,44796964,45264548,45684979,46063228,46411810,46749283,47088857,47435010,47783005,48125842,48452626,48755665,49032729,49287127,49523314,49747989,49965874,50221000,50384000,50564000,50754000,50917000,51097000,51293000,51521000,51773000,51891400,52000500,52150400,52179200,51921400,51512800,51057800,50594600,50144500,49674000,49176500,48662400,48202470,47812949,47451626,47105171,46787786,46509355,46258189,46053331,45870741,45706086,45593342,45489648,45272156,45154036,45004674,44831135,44622518,44385155
United Arab Emirates,784,ARE,92418,100796,112118,125130,138039,149857,159976,169771,182627,203106,234514,277471,330974,394624,467451,548301,637922,735344,835508,931749,1019509,1096610,1164806,1228459,1293971,1366164,1446380,1533536,1627066,1725681,1828432,1937153,2052891,2173139,2294385,2415090,2539126,2671362,2813214,2966034,3134062,3302719,3478777,3711932,4068570,4588225,5300174,6168838,7089487,7917372,8549988,8946777,9141596,9197910,9214175,9262900,9360980,9487203,9630959,9770529
United Kingdom,826,GBR,52400000,52800000,53250000,53650000,54000000,54348050,54648500,54943600,55211700,55441750,55663250,55896223,56086065,56194527,56229974,56225800,56211968,56193492,56196504,56246951,56314216,56333829,56313641,56332848,56422072,56550268,56681396,56802050,56928327,57076711,57247586,57424897,57580402,57718614,57865745,58019030,58166950,58316954,58487141,58682466,58892514,59119673,59370479,59647577,59987905,60401206,60846820,61322463,61806995,62276270,62766365,63258810,63700215,64128273,64602298,65116219,65611593,66058859,66460344,66834405
US,840,USA,180671000,183691000,186538000,189242000,191889000,194303000,196560000,198712000,200706000,202677000,205052000,207661000,209896000,211909000,213854000,215973000,218035000,220239000,222585000,225055000,227225000,229466000,231664000,233792000,235825000,237924000,240133000,242289000,244499000,246819000,249623000,252981000,256514000,259919000,263126000,266278000,269394000,272657000,275854000,279040000,282162411,284968955,287625193,290107933,292805298,295516599,298379912,301231207,304093966,306771529,309321666,311556874,313830990,315993715,318301008,320635163,322941311,324985539,326687501,328239523
Uzbekistan,860,UZB,8526300,8813616,9113620,9428906,9762816,10116870,10493436,10889509,11294672,11694847,12080317,12446443,12796980,13140797,13491117,13857478,14242769,14643875,15057224,15476922,15898757,16321696,16747426,17177664,17615040,18061284,18515578,18976417,19443887,19918119,20510000,20952000,21449000,21942000,22377000,22785000,23225000,23667000,24051000,24311650,24650400,24964450,25271850,25567650,25864350,26167000,26488250,26868000,27302800,27767400,28562400,29339400,29774500,30243200,30757700,31298900,31847900,32388600,32956100,33580650
Venezuela,862,VEN,8141841,8439261,8742777,9052635,9369096,9692278,10022592,10359745,10702291,11048262,11396393,11745945,12097694,12453718,12816955,13189509,13572208,13964379,14364727,14771271,15182611,15597886,16017573,16443134,16876703,17319520,17772001,18232730,18698847,19166471,19632665,20096317,20557683,21016901,21474549,21931084,22385650,22837743,23288564,23739841,24192446,24646472,25100408,25551624,25996594,26432447,26850194,27247610,27635832,28031009,28439940,28888369,29362449,29783571,30045134,30081829,29846179,29390409,28870195,28515829
Vietnam,704,VNM,32670039,33666110,34683407,35721217,36779999,37858951,38958048,40072948,41193601,42307146,43404793,44484035,45548479,46603525,47657561,48718189,49785282,50861162,51959015,53095408,54281846,55522803,56814306,58148384,59512619,60896721,62293856,63701972,65120439,66550234,67988862,69436954,70883481,72300308,73651218,74910461,76068743,77133214,78115710,79035871,79910412,80742499,81534407,82301656,83062821,83832661,84617540,85419591,86243413,87092252,87967651,88871561,89802487,90753472,91714595,92677076,93638724,94596642,95540395,96462106
Western Africa,1003,WAF,84947061,84947061,84947061,84947061,84947061,94607302,94607302,94607302,94607302,94607302,106080033,106080033,106080033,106080033,106080033,120241770,120241770,120241770,120241770,120241770,137799464,137799464,137799464,137799464,137799464,157891451,157891451,157891451,157891451,157891451,180535011,180535011,180535011,180535011,180535011,205691819,205691819,205691819,205691819,205691819,234748622,234748622,234748622,234748622,234748622,267894648,267894648,267894648,267894648,267894648,307040440,307040440,307040440,307040440,307040440,391440157,381202440,371159530,361327290,351717633
